Intervalo de ligações,Quantidade média de ligações recebidas por intervalo
0.3333333333333333,25
0.375,40
0.4166666666666667,55
0.4583333333333333,45
0.5,60
0.5416666666666666,40
0.5833333333333334,35
0.625,30
0.6666666666666666,25
0.7083333333333334,20
0.75,15
